<?xml version="1.0" encoding="UTF-8"?><?xml-stylesheet type='text/xsl' href='_UpgradeReport_Files/UpgradeReport.xslt'?><UpgradeLog>
<Properties><Property Name="Solution" Value="FFTw and Sparse FFT">
</Property><Property Name="方案檔" Value="D:\Dropbox\Public\Code\FFTw and Sparse FFT Noise Ver\FFTw and Sparse FFT.sln">
</Property><Property Name="使用者選項檔" Value="D:\Dropbox\Public\Code\FFTw and Sparse FFT Noise Ver\FFTw and Sparse FFT.suo">
</Property><Property Name="Date" Value="2015年1月27日">
</Property><Property Name="Time" Value="上午 09:48">
</Property></Properties><Event ErrorLevel="0" Project="" Source="FFTw and Sparse FFT.sln" Description="檔案已成功備份為 D:\Dropbox\Public\Code\FFTw and Sparse FFT Noise Ver\FFTw and Sparse FFT.sln.old">
</Event><Event ErrorLevel="0" Project="" Source="FFTw and Sparse FFT.suo" Description="檔案已成功備份為 D:\Dropbox\Public\Code\FFTw and Sparse FFT Noise Ver\FFTw and Sparse FFT.suo.old">
</Event><Event ErrorLevel="0" Project="FFTw and Sparse FFT" Source="FFTw and Sparse FFT.vcproj" Description="Converting project file 'D:\Dropbox\Public\Code\FFTw and Sparse FFT Noise Ver\FFTw and Sparse FFT.vcproj'.">
</Event><Event ErrorLevel="1" Project="FFTw and Sparse FFT" Source="FFTw and Sparse FFT.vcproj" Description="VCWebServiceProxyGeneratorTool is no longer supported. The tool has been removed from your project settings.">
</Event><Event ErrorLevel="0" Project="FFTw and Sparse FFT" Source="FFTw and Sparse FFT.vcproj" Description="Done converting to new project file 'D:\Dropbox\Public\Code\FFTw and Sparse FFT Noise Ver\FFTw and Sparse FFT.vcxproj'.">
</Event><Event ErrorLevel="3" Project="FFTw and Sparse FFT" Source="FFTw and Sparse FFT.vcproj" Description="Converted">
</Event><Event ErrorLevel="0" Project="" Source="FFTw and Sparse FFT.sln" Description="方案轉換成功">
</Event><Event ErrorLevel="3" Project="" Source="FFTw and Sparse FFT.sln" Description="Converted">
</Event></UpgradeLog>