<?xml version="1.0"?> <!-- -*- sgml -*- -->
<!DOCTYPE book PUBLIC "-//OASIS//DTD DocBook XML V4.2//EN"
  "http://www.oasis-open.org/docbook/xml/4.2/docbookx.dtd"
[ <!ENTITY % vg-entities SYSTEM "vg-entities.xml"> %vg-entities; ]>

<book id="tech-docs" xreflabel="Valgrind Technical Documentation">

<bookinfo>
  <title>Valgrind Technical Documentation</title>
  <releaseinfo>&rel-type; &rel-version; &rel-date;</releaseinfo>
  <copyright>
    <year>&vg-lifespan;</year>
    <holder><ulink url="&vg-devs-url;">Valgrind Developers</ulink></holder>
  </copyright>
  <legalnotice>
    <para>Email: <ulink url="mailto:&vg-vemail;">&vg-vemail;</ulink></para>
  </legalnotice>
</bookinfo>

  <xi:include href="design-impl.xml" parse="xml"  
      xmlns:xi="http://www.w3.org/2001/XInclude" />
  <xi:include href="manual-writing-tools.xml" parse="xml"  
      xmlns:xi="http://www.w3.org/2001/XInclude" />
  <xi:include href="../../callgrind/docs/cl-format.xml" parse="xml"  
      xmlns:xi="http://www.w3.org/2001/XInclude" />

</book>
